coc.number.name,ard.15,total.2015,rel.loss.2015,loss.factor.2015,ard.2016,total.2016,rel.loss.2016,loss.factor.2016,combined.loss
AK-500 - Anchorage CoC,2824705.00,2719232.00,-0.04,-105473.00,2891188.00,2849941.00,-0.01,-41247.00,-146720.00
AK-501 - Alaska Balance of State CoC,807072.00,745702.00,-0.08,-61370.00,738551.00,738301.00,0.00,-250.00,-61620.00
"AL-500 - Birmingham/Jefferson, St. Clair, Shelby Counties CoC",8319846.00,8218870.00,-0.01,-100976.00,8748112.00,8647184.00,-0.01,-100928.00,-201904.00
AL-501 - Mobile City & County/Baldwin County CoC,3837513.00,3756582.00,-0.02,-80931.00,3838133.00,3736133.00,-0.03,-102000.00,-182931.00
AL-502 - Florence/Northwest Alabama CoC,570662.00,570662.00,0.00,0.00,484661.00,452978.00,-0.07,-31683.00,-31683.00
AL-503 - Huntsville/North Alabama CoC,843450.00,716933.00,-0.15,-126517.00,729618.00,678545.00,-0.07,-51073.00,-177590.00
AL-504 - Montgomery City & County CoC,2259796.00,2044284.00,-0.10,-215512.00,2044284.00,2044284.00,0.00,0.00,-215512.00
AL-506 - Tuscaloosa City & County CoC,248367.00,248367.00,0.00,0.00,232472.00,232472.00,0.00,0.00,0.00
AL-507 - Alabama Balance of State CoC,522843.00,522843.00,0.00,0.00,821073.00,813267.00,-0.01,-7806.00,-7806.00
AR-500 - Little Rock/Central Arkansas CoC,3806592.00,3623578.00,-0.05,-183014.00,3289946.00,3157488.00,-0.04,-132458.00,-315472.00
AR-501 - Fayetteville/Northwest Arkansas CoC,458463.00,383722.00,-0.16,-74741.00,380278.00,428416.00,0.13,48138.00,-26603.00
AR-503 - Arkansas Balance of State CoC,443043.00,443043.00,0.00,0.00,458168.00,458168.00,0.00,0.00,0.00
AR-505 - Southeast Arkansas CoC,340591.00,301794.00,-0.11,-38797.00,292022.00,292022.00,0.00,0.00,-38797.00
AZ-500 - Arizona Balance of State CoC,4216369.00,3919400.00,-0.07,-296969.00,3883936.00,3883471.00,0.00,-465.00,-297434.00
AZ-501 - Tucson/Pima County CoC,8526226.00,7923086.00,-0.07,-603140.00,8169802.00,8169802.00,0.00,0.00,-603140.00
"AZ-502 - Phoenix, Mesa/Maricopa County CoC",26196615.00,26562690.00,0.01,366075.00,24568339.00,24681415.00,0.00,113076.00,479151.00
"CA-500 - San Jose, Santa Clara City & County CoC",17285459.00,18308820.00,0.06,1023361.00,19009820.00,19445058.00,0.02,435238.00,1458599.00
CA-501 - San Francisco CoC,26911013.00,27792214.00,0.03,881201.00,30631104.00,31247840.00,0.02,616736.00,1497937.00
"CA-502 - Oakland, Berkeley/Alameda County CoC",27273402.00,28306731.00,0.04,1033329.00,28174595.00,28174553.00,0.00,-42.00,1033287.00
CA-503 - Sacramento City & County CoC,18635759.00,18879629.00,0.01,243870.00,19229375.00,19367838.00,0.01,138463.00,382333.00
"CA-504 - Santa Rosa, Petaluma/Sonoma County CoC",2936645.00,2936645.00,0.00,0.00,2986734.00,2986734.00,0.00,0.00,0.00
CA-505 - Richmond/Contra Costa County CoC,10651296.00,10829621.00,0.02,178325.00,10786719.00,11049954.00,0.02,263235.00,441560.00
"CA-506 - Salinas/Monterey, San Benito Counties CoC",2166656.00,1864475.00,-0.14,-302181.00,1908540.00,1908540.00,0.00,0.00,-302181.00
CA-507 - Marin County CoC,2846608.00,2932608.00,0.03,86000.00,3179036.00,3232967.00,0.02,53931.00,139931.00
CA-508 - Watsonville/Santa Cruz City & County CoC,2251625.00,2251625.00,0.00,0.00,1808587.00,1899016.00,0.05,90429.00,90429.00
CA-509 - Mendocino County CoC,2140714.00,1902256.00,-0.11,-238458.00,1712020.00,1649881.00,-0.04,-62139.00,-300597.00
"CA-510 - Turlock, Modesto/Stanislaus County CoC",3473094.00,2982884.00,-0.14,-490210.00,3247145.00,3110273.00,-0.04,-136872.00,-627082.00
CA-511 - Stockton/San Joaquin County CoC,4863668.00,4198503.00,-0.14,-665165.00,4294001.00,4290724.00,0.00,-3277.00,-668442.00
CA-512 - Daly City/San Mateo County CoC,7485269.00,8607885.00,0.15,1122616.00,8160635.00,8338616.00,0.02,177981.00,1300597.00
"CA-513 - Visalia/Kings, Tulare Counties CoC",1742120.00,1870816.00,0.07,128696.00,2026464.00,2127729.00,0.05,101265.00,229961.00
CA-514 - Fresno City & County/Madera County CoC,7585251.00,8429716.00,0.11,844465.00,8509810.00,8751292.00,0.03,241482.00,1085947.00
"CA-515 - Roseville, Rocklin/Placer, Nevada Counties CoC",1217665.00,1217665.00,0.00,0.00,1232711.00,1232711.00,0.00,0.00,0.00
"CA-516 - Redding/Shasta, Siskiyou, Lassen, Plumas, Del Norte, Modoc, Sierra Counties CoC",373349.00,355526.00,-0.05,-17823.00,317347.00,317347.00,0.00,0.00,-17823.00
CA-517 - Napa City & County CoC,602121.00,692439.00,0.15,90318.00,694644.00,694644.00,0.00,0.00,90318.00
CA-518 - Vallejo/Solano County CoC,1053051.00,1176599.00,0.12,123548.00,1221094.00,1251430.00,0.02,30336.00,153884.00
"CA-519 - Chico, Paradise/Butte County CoC",578630.00,602333.00,0.04,23703.00,517735.00,528301.00,0.02,10566.00,34269.00
CA-520 - Merced City & County CoC,657612.00,657612.00,0.00,0.00,712271.00,712271.00,0.00,0.00,0.00
"CA-521 - Davis, Woodland/Yolo County CoC",525070.00,481044.00,-0.08,-44026.00,458394.00,473409.00,0.03,15015.00,-29011.00
CA-522 - Humboldt County CoC,724199.00,760231.00,0.05,36032.00,798171.00,798988.00,0.00,817.00,36849.00
CA-525 - El Dorado County CoC,12419.00,12419.00,0.00,0.00,10556.00,10556.00,0.00,0.00,0.00
"CA-526 - Tuolumne, Amador, Calaveras, Mariposa Counties CoC",310199.00,289120.00,-0.07,-21079.00,301090.00,301090.00,0.00,0.00,-21079.00
CA-600 - Los Angeles City & County CoC,94569949.00,95741736.00,0.01,1171787.00,101995691.00,103721653.00,0.02,1725962.00,2897749.00
CA-601 - San Diego City and County CoC,16534996.00,16605125.00,0.00,70129.00,17363919.00,17708276.00,0.02,344357.00,414486.00
"CA-602 - Santa Ana, Anaheim/Orange County CoC",19536499.00,20891172.00,0.07,1354673.00,21703735.00,21703735.00,0.00,0.00,1354673.00
CA-603 - Santa Maria/Santa Barbara County CoC,1482184.00,1557600.00,0.05,75416.00,1615010.00,1614978.00,0.00,-32.00,75384.00
CA-604 - Bakersfield/Kern County CoC,4219801.00,4635933.00,0.10,416132.00,5390165.00,5305557.00,-0.02,-84608.00,331524.00
CA-606 - Long Beach CoC,7083724.00,7083724.00,0.00,0.00,7312216.00,7312216.00,0.00,0.00,0.00
CA-607 - Pasadena CoC,2940442.00,2938001.00,0.00,-2441.00,3084033.00,3084033.00,0.00,0.00,-2441.00
CA-608 - Riverside City & County CoC,9753569.00,8852415.00,-0.09,-901154.00,9069625.00,9596126.00,0.06,526501.00,-374653.00
CA-609 - San Bernardino City & County CoC,7415245.00,8909328.00,0.20,1494083.00,9880150.00,10002982.00,0.01,122832.00,1616915.00
"CA-611 - Oxnard, San Buenaventura/Ventura County CoC",1859792.00,1859792.00,0.00,0.00,1908656.00,2072803.00,0.09,164147.00,164147.00
CA-612 - Glendale CoC,2367960.00,2321445.00,-0.02,-46515.00,2302719.00,2302719.00,0.00,0.00,-46515.00
CA-613 - Imperial County CoC,205945.00,205945.00,0.00,0.00,175053.00,175053.00,0.00,0.00,0.00
CA-614 - San Luis Obispo County CoC,1061562.00,1061562.00,0.00,0.00,902328.00,892766.00,-0.01,-9562.00,-9562.00
CO-500 - Colorado Balance of State CoC,3207632.00,2726898.00,-0.15,-480734.00,2778029.00,2778029.00,0.00,0.00,-480734.00
CO-503 - Metropolitan Denver CoC,21914114.00,22453647.00,0.02,539533.00,23730624.00,23730624.00,0.00,0.00,539533.00
CO-504 - Colorado Springs/El Paso County CoC,2206284.00,2329523.00,0.06,123239.00,2386264.00,2372352.00,-0.01,-13912.00,109327.00
"CT-503 - Bridgeport, Stamford, Norwalk/Fairfield County CoC",9118835.00,10112091.00,0.11,993256.00,9895520.00,9895520.00,0.00,0.00,993256.00
CT-505 - Connecticut Balance of State CoC,29807659.00,31759415.00,0.07,1951756.00,32598460.00,33413421.00,0.02,814961.00,2766717.00
DC-500 - District of Columbia CoC,21213697.00,21598429.00,0.02,384732.00,20207356.00,20784623.00,0.03,577267.00,961999.00
DE-500 - Delaware Statewide CoC,6665403.00,7415213.00,0.11,749810.00,7629178.00,7629179.00,0.00,1.00,749811.00
"FL-500 - Sarasota, Bradenton/Manatee, Sarasota Counties CoC",773639.00,1040903.00,0.35,267264.00,796249.00,796249.00,0.00,0.00,267264.00
FL-501 - Tampa/Hillsborough County CoC,6167246.00,5941096.00,-0.04,-226150.00,6055045.00,6055045.00,0.00,0.00,-226150.00
"FL-502 - St. Petersburg, Clearwater, Largo/Pinellas County CoC",3865749.00,3865742.00,0.00,-7.00,3920283.00,3920283.00,0.00,0.00,-7.00
"FL-503 - Lakeland, Winterhaven/Polk County CoC",1587976.00,1450265.00,-0.09,-137711.00,1522617.00,1562090.00,0.03,39473.00,-98238.00
"FL-504 - Daytona Beach, Daytona/Volusia, Flagler Counties CoC",1031012.00,1044010.00,0.01,12998.00,1169059.00,1255558.00,0.07,86499.00,99497.00
"FL-505 - Fort Walton Beach/Okaloosa, Walton Counties CoC",621146.00,552854.00,-0.11,-68292.00,557463.00,557463.00,0.00,0.00,-68292.00
FL-506 - Tallahassee/Leon County CoC,1356348.00,1277756.00,-0.06,-78592.00,1286972.00,1282124.00,0.00,-4848.00,-83440.00
"FL-507 - Orlando/Orange, Osceola, Seminole Counties CoC",7198175.00,7196829.00,0.00,-1346.00,7228991.00,7228991.00,0.00,0.00,-1346.00
"FL-508 - Gainesville/Alachua, Putnam Counties CoC",665244.00,658100.00,-0.01,-7144.00,595389.00,597187.00,0.00,1798.00,-5346.00
"FL-509 - Fort Pierce/St. Lucie, Indian River, Martin Counties CoC",1448921.00,1448921.00,0.00,0.00,1555733.00,1530912.00,-0.02,-24821.00,-24821.00
"FL-510 - Jacksonville-Duval, Clay Counties CoC",4526804.00,4392271.00,-0.03,-134533.00,4544865.00,4311530.00,-0.05,-233335.00,-367868.00
"FL-511 - Pensacola/Escambia, Santa Rosa Counties CoC",929354.00,929354.00,0.00,0.00,791585.00,791585.00,0.00,0.00,0.00
FL-512 - St. Johns County CoC,152400.00,152400.00,0.00,0.00,129540.00,123326.00,-0.05,-6214.00,-6214.00
"FL-513 - Palm Bay, Melbourne/Brevard County CoC",817332.00,935196.00,0.14,117864.00,694732.00,665472.00,-0.04,-29260.00,88604.00
FL-514 - Ocala/Marion County CoC,241997.00,242225.00,0.00,228.00,205373.00,205373.00,0.00,0.00,228.00
"FL-515 - Panama City/Bay, Jackson Counties CoC",41402.00,41402.00,0.00,0.00,35192.00,35192.00,0.00,0.00,0.00
"FL-517 - Hendry, Hardee, Highlands Counties CoC",197395.00,197503.00,0.00,108.00,169211.00,157366.00,-0.07,-11845.00,-11737.00
"FL-518 - Columbia, Hamilton, Lafayette, Suwannee Counties CoC",275203.00,325487.00,0.18,50284.00,346948.00,346948.00,0.00,0.00,50284.00
FL-519 - Pasco County CoC,758924.00,758326.00,0.00,-598.00,837163.00,831509.00,-0.01,-5654.00,-6252.00
"FL-520 - Citrus, Hernando, Lake, Sumter Counties CoC",370361.00,370361.00,0.00,0.00,370361.00,420301.00,0.13,49940.00,49940.00
FL-600 - Miami-Dade County CoC,32115472.00,27613089.00,-0.14,-4502383.00,29027696.00,29027696.00,0.00,0.00,-4502383.00
FL-601 - Ft Lauderdale/Broward County CoC,10132430.00,10132430.00,0.00,0.00,10072946.00,10438621.00,0.04,365675.00,365675.00
FL-602 - Punta Gorda/Charlotte County CoC,215289.00,215289.00,0.00,0.00,182132.00,182132.00,0.00,0.00,0.00
"FL-603 - Ft Myers, Cape Coral/Lee County CoC",2061821.00,1756113.00,-0.15,-305708.00,1762276.00,1661056.00,-0.06,-101220.00,-406928.00
FL-604 - Monroe County CoC,528063.00,563593.00,0.07,35530.00,448853.00,471296.00,0.05,22443.00,57973.00
FL-605 - West Palm Beach/Palm Beach County CoC,5391742.00,5409905.00,0.00,18163.00,4696369.00,4799395.00,0.02,103026.00,121189.00
FL-606 - Naples/Collier County CoC,297296.00,297296.00,0.00,0.00,299792.00,299293.00,0.00,-499.00,-499.00
GA-500 - Atlanta CoC,6874945.00,6482632.00,-0.06,-392313.00,6713479.00,6777940.00,0.01,64461.00,-327852.00
GA-501 - Georgia Balance of State CoC,15602960.00,15030066.00,-0.04,-572894.00,16041150.00,15648486.00,-0.02,-392664.00,-965558.00
GA-502 - Fulton County CoC,2773381.00,2648708.00,-0.04,-124673.00,2712718.00,2848354.00,0.05,135636.00,10963.00
GA-503 - Athens-Clarke County CoC,689244.00,673946.00,-0.02,-15298.00,696892.00,663759.00,-0.05,-33133.00,-48431.00
GA-504 - Augusta-Richmond County CoC,709617.00,609757.00,-0.14,-99860.00,604090.00,604090.00,0.00,0.00,-99860.00
GA-505 - Columbus-Muscogee/Russell County CoC,1274573.00,1274573.00,0.00,0.00,1295712.00,1360498.00,0.05,64786.00,64786.00
GA-506 - Marietta/Cobb County CoC,2057749.00,2091207.00,0.02,33458.00,2132318.00,2079724.00,-0.02,-52594.00,-19136.00
GA-507 - Savannah/Chatham County CoC,4007707.00,3527501.00,-0.12,-480206.00,3507581.00,3284537.00,-0.06,-223044.00,-703250.00
GA-508 - DeKalb County CoC,3821213.00,4393154.00,0.15,571941.00,4537067.00,4645806.00,0.02,108739.00,680680.00
GU-500 - Guam CoC,1346148.00,1189581.00,-0.12,-156567.00,1082174.00,1082174.00,0.00,0.00,-156567.00
HI-500 - Hawaii Balance of State CoC,1932112.00,1968459.00,0.02,36347.00,2004278.00,1943858.00,-0.03,-60420.00,-24073.00
HI-501 - Honolulu City and County CoC,9886729.00,8476321.00,-0.14,-1410408.00,9099981.00,9099981.00,0.00,0.00,-1410408.00
"IA-500 - Sioux City/Dakota, Woodbury Counties CoC",871142.00,715112.00,-0.18,-156030.00,715112.00,712980.00,0.00,-2132.00,-158162.00
IA-501 - Iowa Balance of State CoC,4762896.00,4347475.00,-0.09,-415421.00,4376990.00,4537320.00,0.04,160330.00,-255091.00
IA-502 - Des Moines/Polk County CoC,2935891.00,2898176.00,-0.01,-37715.00,3120718.00,3276392.00,0.05,155674.00,117959.00
ID-500 - Boise/Ada County CoC,953216.00,864853.00,-0.09,-88363.00,904489.00,874443.00,-0.03,-30046.00,-118409.00
ID-501 - Idaho Balance of State CoC,3081462.00,2629972.00,-0.15,-451490.00,2689798.00,2687178.00,0.00,-2620.00,-454110.00
IL-500 - McHenry County CoC,909988.00,880935.00,-0.03,-29053.00,903633.00,948815.00,0.05,45182.00,16129.00
"IL-501 - Rockford/Winnebago, Boone Counties CoC",1606011.00,1551668.00,-0.03,-54343.00,1415764.00,1473861.00,0.04,58097.00,3754.00
"IL-502 - Waukegan, North Chicago/Lake County CoC",2289184.00,2072506.00,-0.09,-216678.00,2037513.00,2076630.00,0.02,39117.00,-177561.00
"IL-503 - Champaign, Urbana, Rantoul/Champaign County CoC",843875.00,794978.00,-0.06,-48897.00,731744.00,688451.00,-0.06,-43293.00,-92190.00
IL-504 - Madison County CoC,2057290.00,1791463.00,-0.13,-265827.00,1770523.00,1838687.00,0.04,68164.00,-197663.00
"IL-506 - Joliet, Bolingbrook/Will County CoC",3432952.00,3382987.00,-0.01,-49965.00,3480365.00,3649789.00,0.05,169424.00,119459.00
"IL-507 - Peoria, Pekin/Fulton,Tazewell, Peoria, Woodford Counties CoC",1653476.00,1711543.00,0.04,58067.00,1736750.00,1736750.00,0.00,0.00,58067.00
"IL-508 - East St. Louis, Belleville/St. Clair County CoC",3169354.00,3050394.00,-0.04,-118960.00,3096889.00,3096862.00,0.00,-27.00,-118987.00
IL-509 - DeKalb City & County CoC,615714.00,604124.00,-0.02,-11590.00,611360.00,611360.00,0.00,0.00,-11590.00
IL-510 - Chicago CoC,60458806.00,59458165.00,-0.02,-1000641.00,62448146.00,63671879.00,0.02,1223733.00,223092.00
IL-511 - Cook County CoC,11564751.00,10774598.00,-0.07,-790153.00,11197915.00,11434751.00,0.02,236836.00,-553317.00
IL-512 - Bloomington/Central Illinois CoC,1237608.00,1054696.00,-0.15,-182912.00,1054696.00,1054696.00,0.00,0.00,-182912.00
IL-513 - Springfield/Sangamon County CoC,507123.00,453145.00,-0.11,-53978.00,445540.00,438717.00,-0.02,-6823.00,-60801.00
IL-514 - Dupage County CoC,4109258.00,4109258.00,0.00,0.00,4283400.00,4283400.00,0.00,0.00,0.00
IL-515 - South Central Illinois CoC,1024988.00,871494.00,-0.15,-153494.00,875114.00,871813.00,0.00,-3301.00,-156795.00
IL-516 - Decatur/Macon County CoC,900738.00,820206.00,-0.09,-80532.00,767758.00,767758.00,0.00,0.00,-80532.00
"IL-517 - Aurora, Elgin/Kane County CoC",1512966.00,1512966.00,0.00,0.00,1575624.00,1575624.00,0.00,0.00,0.00
"IL-518 - Rock Island, Moline/Northwestern Illinois CoC",974443.00,916192.00,-0.06,-58251.00,1004691.00,943042.00,-0.06,-61649.00,-119900.00
IL-519 - West Central Illinois CoC,631767.00,631767.00,0.00,0.00,631767.00,631767.00,0.00,0.00,0.00
IL-520 - Southern Illinois CoC,1034925.00,879686.00,-0.15,-155239.00,874423.00,842336.00,-0.04,-32087.00,-187326.00
"IN-500 - South Bend, Mishawaka/St. Joseph County CoC",1652598.00,1470106.00,-0.11,-182492.00,1435007.00,1435007.00,0.00,0.00,-182492.00
IN-502 - Indiana Balance of State CoC,11477369.00,10094755.00,-0.12,-1382614.00,10880755.00,11179156.00,0.03,298401.00,-1084213.00
IN-503 - Indianapolis CoC,4925972.00,4172336.00,-0.15,-753636.00,4765814.00,4847168.00,0.02,81354.00,-672282.00
KS-502 - Wichita/Sedgwick County CoC,2407083.00,2056278.00,-0.15,-350805.00,2479662.00,2479662.00,0.00,0.00,-350805.00
KS-503 - Topeka/Shawnee County CoC,1808086.00,1772496.00,-0.02,-35590.00,1813668.00,1726468.00,-0.05,-87200.00,-122790.00
"KS-505 - Overland Park, Shawnee/Johnson County CoC",587357.00,657161.00,0.12,69804.00,657737.00,657665.00,0.00,-72.00,69732.00
KS-507 - Kansas Balance of State CoC,2820840.00,2476219.00,-0.12,-344621.00,2508151.00,2481159.00,-0.01,-26992.00,-371613.00
KY-500 - Kentucky Balance of State CoC,8222231.00,7427904.00,-0.10,-794327.00,7886787.00,7876840.00,0.00,-9947.00,-804274.00
KY-501 - Louisville-Jefferson County CoC,9073921.00,8229521.00,-0.09,-844400.00,8941171.00,9180192.00,0.03,239021.00,-605379.00
KY-502 - Lexington-Fayette County CoC,1523798.00,1523798.00,0.00,0.00,1543967.00,1455417.00,-0.06,-88550.00,-88550.00
LA-500 - Lafayette/Acadiana Regional CoC,2735010.00,2368320.00,-0.13,-366690.00,2392843.00,2405853.00,0.01,13010.00,-353680.00
LA-502 - Shreveport/Bossier/Northwest Louisiana CoC,3979023.00,3766035.00,-0.05,-212988.00,3771327.00,3771165.00,0.00,-162.00,-213150.00
LA-503 - New Orleans/Jefferson Parish CoC,16855982.00,17660053.00,0.05,804071.00,17862078.00,18388367.00,0.03,526289.00,1330360.00
LA-504 - Baton Rouge CoC,1988926.00,1696629.00,-0.15,-292297.00,1728880.00,1799974.00,0.04,71094.00,-221203.00
LA-505 - Monroe/Northeast Louisiana CoC,1491555.00,1558387.00,0.04,66832.00,1572674.00,1572674.00,0.00,0.00,66832.00
LA-506 - Slidell/Southeast Louisiana CoC,2224329.00,2228073.00,0.00,3744.00,2225145.00,2165826.00,-0.03,-59319.00,-55575.00
LA-507 - Alexandria/Central Louisiana CoC,714271.00,699739.00,-0.02,-14532.00,704860.00,698626.00,-0.01,-6234.00,-20766.00
"LA-508 - Houma-Terrebonne, Thibodaux CoC",1188662.00,1015840.00,-0.15,-172822.00,1052820.00,1052820.00,0.00,0.00,-172822.00
LA-509 - Louisiana Balance of State CoC,11269813.00,11089487.00,-0.02,-180326.00,11818487.00,12409411.00,0.05,590924.00,410598.00
MA-500 - Boston CoC,24063154.00,22832110.00,-0.05,-1231044.00,23487809.00,24083209.00,0.03,595400.00,-635644.00
MA-502 - Lynn CoC,1997049.00,1697272.00,-0.15,-299777.00,1725129.00,1681012.00,-0.03,-44117.00,-343894.00
MA-503 - Cape Cod Islands CoC,1677647.00,1647345.00,-0.02,-30302.00,1661416.00,1708260.00,0.03,46844.00,16542.00
MA-504 - Springfield/Hampden County CoC,2557002.00,2994342.00,0.17,437340.00,3322648.00,3315819.00,0.00,-6829.00,430511.00
MA-505 - New Bedford CoC,1944951.00,1753484.00,-0.10,-191467.00,1684939.00,1684939.00,0.00,0.00,-191467.00
MA-506 - Worcester City & County CoC,6410028.00,6359381.00,-0.01,-50647.00,6403065.00,6165272.00,-0.04,-237793.00,-288440.00
"MA-507 - Pittsfield/Berkshire, Franklin, Hampshire Counties CoC",1602948.00,1714491.00,0.07,111543.00,1526049.00,1526049.00,0.00,0.00,111543.00
MA-508 - Lowell CoC,803989.00,803989.00,0.00,0.00,808792.00,808792.00,0.00,0.00,0.00
MA-509 - Cambridge CoC,3719124.00,3921930.00,0.05,202806.00,4053356.00,4020064.00,-0.01,-33292.00,169514.00
"MA-510 - Gloucester, Haverhill, Salem/Essex County CoC",1930208.00,1777763.00,-0.08,-152445.00,1666360.00,1665529.00,0.00,-831.00,-153276.00
"MA-511 - Quincy, Brockton, Weymouth, Plymouth City and County CoC",4529102.00,5119778.00,0.13,590676.00,5371633.00,5369740.00,0.00,-1893.00,588783.00
MA-515 - Fall River CoC,1945917.00,1907397.00,-0.02,-38520.00,1690979.00,1719028.00,0.02,28049.00,-10471.00
MA-516 - Massachusetts Balance of State CoC,11289698.00,10320432.00,-0.09,-969266.00,9900375.00,10241404.00,0.03,341029.00,-628237.00
MA-517 - Somerville CoC,2099681.00,1860592.00,-0.11,-239089.00,1925107.00,1922372.00,0.00,-2735.00,-241824.00
"MA-518 - Brookline, Newton CoC",1517832.00,1387782.00,-0.09,-130050.00,1416700.00,1416700.00,0.00,0.00,-130050.00
"MA-519 - Attleboro, Taunton/Bristol County CoC",913529.00,789958.00,-0.14,-123571.00,791738.00,775196.00,-0.02,-16542.00,-140113.00
MD-500 - Cumberland/Allegany County CoC,809617.00,758626.00,-0.06,-50991.00,699622.00,699622.00,0.00,0.00,-50991.00
MD-501 - Baltimore CoC,21554805.00,18812628.00,-0.13,-2742177.00,20031494.00,20505225.00,0.02,473731.00,-2268446.00
MD-502 - Harford County CoC,798045.00,869380.00,0.09,71335.00,903189.00,893691.00,-0.01,-9498.00,61837.00
MD-503 - Annapolis/Anne Arundel County CoC,2421090.00,2290357.00,-0.05,-130733.00,2133878.00,2239362.00,0.05,105484.00,-25249.00
MD-504 - Howard County CoC,902207.00,830358.00,-0.08,-71849.00,762534.00,762534.00,0.00,0.00,-71849.00
MD-505 - Baltimore County CoC,2600823.00,2600823.00,0.00,0.00,2688366.00,2688366.00,0.00,0.00,0.00
MD-506 - Carroll County CoC,366612.00,366612.00,0.00,0.00,379081.00,379081.00,0.00,0.00,0.00
MD-507 - Cecil County CoC,261510.00,234228.00,-0.10,-27282.00,244476.00,244476.00,0.00,0.00,-27282.00
"MD-508 - Charles, Calvert, St.Mary's Counties CoC",2305863.00,2404909.00,0.04,99046.00,2452371.00,2574990.00,0.05,122619.00,221665.00
MD-509 - Frederick City & County CoC,601950.00,554669.00,-0.08,-47281.00,551706.00,551706.00,0.00,0.00,-47281.00
MD-510 - Garrett County CoC,290612.00,244184.00,-0.16,-46428.00,247160.00,247160.00,0.00,0.00,-46428.00
MD-511 - Mid-Shore Regional CoC,758497.00,702321.00,-0.07,-56176.00,700725.00,666135.00,-0.05,-34590.00,-90766.00
MD-512 - Hagerstown/Washington County CoC,548266.00,476390.00,-0.13,-71876.00,487371.00,487371.00,0.00,0.00,-71876.00
"MD-513 - Wicomico, Somerset, Worcester Counties CoC",1164438.00,1133200.00,-0.03,-31238.00,1168696.00,1196750.00,0.02,28054.00,-3184.00
MD-600 - Prince George's County CoC,5026256.00,4502639.00,-0.10,-523617.00,4793960.00,4759953.00,-0.01,-34007.00,-557624.00
MD-601 - Montgomery County CoC,7503916.00,7545935.00,0.01,42019.00,8158110.00,8288534.00,0.02,130424.00,172443.00
ME-500 - Maine Balance of State CoC,7823650.00,8193617.00,0.05,369967.00,7946394.00,8073910.00,0.02,127516.00,497483.00
ME-502 - Portland CoC,3028451.00,3158451.00,0.04,130000.00,3239305.00,3401270.00,0.05,161965.00,291965.00
MI-500 - Michigan Balance of State CoC,7995490.00,8467998.00,0.06,472508.00,8550336.00,8616376.00,0.01,66040.00,538548.00
MI-501 - Detroit CoC,24575829.00,25721146.00,0.05,1145317.00,23443227.00,23465372.00,0.00,22145.00,1167462.00
"MI-502 - Dearborn, Dearborn Heights, Westland/Wayne County CoC",3449330.00,3248735.00,-0.06,-200595.00,3280983.00,3581890.00,0.09,300907.00,100312.00
"MI-503 - St. Clair Shores, Warren/Macomb County CoC",1322357.00,1304219.00,-0.01,-18138.00,1137477.00,1137477.00,0.00,0.00,-18138.00
"MI-504 - Pontiac, Royal Oak/Oakland County CoC",5177328.00,5565627.00,0.07,388299.00,5638464.00,5638464.00,0.00,0.00,388299.00
MI-505 - Flint/Genesee County CoC,2399031.00,2142697.00,-0.11,-256334.00,2186670.00,2105600.00,-0.04,-81070.00,-337404.00
MI-506 - Grand Rapids/Wyoming/Kent County CoC,5058368.00,5193793.00,0.03,135425.00,5351772.00,5350900.00,0.00,-872.00,134553.00
"MI-507 - Portage, Kalamazoo City & County CoC",1834356.00,1645725.00,-0.10,-188631.00,1722824.00,1678449.00,-0.03,-44375.00,-233006.00
"MI-508 - Lansing, East Lansing/Ingham County CoC",2187612.00,2356936.00,0.08,169324.00,2500986.00,2476529.00,-0.01,-24457.00,144867.00
MI-509 - Washtenaw County CoC,5050887.00,5390651.00,0.07,339764.00,5566885.00,5566884.00,0.00,-1.00,339763.00
MI-510 - Saginaw City & County CoC,1843373.00,1809162.00,-0.02,-34211.00,1806174.00,1806174.00,0.00,0.00,-34211.00
MI-511 - Lenawee County CoC,108758.00,108758.00,0.00,0.00,108386.00,100799.00,-0.07,-7587.00,-7587.00
"MI-512 - Grand Traverse, Antrim, Leelanau Counties CoC",650311.00,650311.00,0.00,0.00,655841.00,655841.00,0.00,0.00,0.00
"MI-513 - Marquette, Alger Counties CoC",229132.00,229132.00,0.00,0.00,141900.00,137619.00,-0.03,-4281.00,-4281.00
MI-514 - Battle Creek/Calhoun County CoC,364610.00,364610.00,0.00,0.00,312799.00,312799.00,0.00,0.00,0.00
MI-515 - Monroe City & County CoC,162878.00,162878.00,0.00,0.00,139126.00,139126.00,0.00,0.00,0.00
"MI-516 - Norton Shores, Muskegon City & County CoC",527006.00,527006.00,0.00,0.00,562063.00,555032.00,-0.01,-7031.00,-7031.00
MI-517 - Jackson City & County CoC,869318.00,869318.00,0.00,0.00,879670.00,879670.00,0.00,0.00,0.00
MI-518 - Livingston County CoC,230611.00,212627.00,-0.08,-17984.00,212627.00,212627.00,0.00,0.00,-17984.00
MI-519 - Holland/Ottawa County CoC,978707.00,978707.00,0.00,0.00,987803.00,987803.00,0.00,0.00,0.00
MI-523 - Eaton County CoC,741433.00,852648.00,0.15,111215.00,872920.00,903062.00,0.03,30142.00,141357.00
MN-500 - Minneapolis/Hennepin County CoC,10213070.00,11322020.00,0.11,1108950.00,11802564.00,11460289.00,-0.03,-342275.00,766675.00
MN-501 - St. Paul/Ramsey County CoC,6313350.00,6654778.00,0.05,341428.00,6773514.00,6773514.00,0.00,0.00,341428.00
MN-502 - Rochester/Southeast Minnesota CoC,1980159.00,1834480.00,-0.07,-145679.00,1972892.00,2071465.00,0.05,98573.00,-47106.00
"MN-503 - Dakota, Anoka, Washington, Scott, Carver Counties CoC",3126007.00,3594908.00,0.15,468901.00,3665015.00,3665103.00,0.00,88.00,468989.00
MN-504 - Northeast Minnesota CoC,435831.00,435831.00,0.00,0.00,429046.00,429046.00,0.00,0.00,0.00
MN-505 - St. Cloud/Central Minnesota CoC,1325789.00,1325789.00,0.00,0.00,1365513.00,1365513.00,0.00,0.00,0.00
MN-506 - Northwest Minnesota CoC,670555.00,644410.00,-0.04,-26145.00,652918.00,652918.00,0.00,0.00,-26145.00
MN-508 - Moorhead/West Central Minnesota CoC,800339.00,800339.00,0.00,0.00,838859.00,798835.00,-0.05,-40024.00,-40024.00
MN-509 - Duluth/St. Louis County CoC,3125991.00,3167612.00,0.01,41621.00,3059038.00,2953596.00,-0.03,-105442.00,-63821.00
MN-511 - Southwest Minnesota CoC,932031.00,932031.00,0.00,0.00,956062.00,956062.00,0.00,0.00,0.00
MO-500 - St. Louis County CoC,1636913.00,1476647.00,-0.10,-160266.00,1977191.00,1977191.00,0.00,0.00,-160266.00
MO-501 - St. Louis CoC,10309830.00,10298178.00,0.00,-11652.00,10973619.00,10971579.00,0.00,-2040.00,-13692.00
"MO-503 - St. Charles City & County, Lincoln, Warren Counties CoC",273602.00,273602.00,0.00,0.00,279482.00,273602.00,-0.02,-5880.00,-5880.00
"MO-600 - Springfield/Greene, Christian, Webster Counties CoC",947138.00,800260.00,-0.16,-146878.00,885539.00,875209.00,-0.01,-10330.00,-157208.00
"MO-602 - Joplin/Jasper, Newton Counties CoC",596637.00,558621.00,-0.06,-38016.00,533918.00,533918.00,0.00,0.00,-38016.00
"MO-603 - St. Joseph/Andrew, Buchanan, DeKalb Counties CoC",1196401.00,1196401.00,0.00,0.00,1221712.00,1221712.00,0.00,0.00,0.00
"MO-604 - Kansas City, Independence, Lee's Summit/Jackson County CoC",11994368.00,12908409.00,0.08,914041.00,12988559.00,12615032.00,-0.03,-373527.00,540514.00
MO-606 - Missouri Balance of State CoC,4689792.00,4289368.00,-0.09,-400424.00,4618103.00,4789476.00,0.04,171373.00,-229051.00
"MS-500 - Jackson/Rankin, Madison Counties CoC",1518766.00,1390794.00,-0.08,-127972.00,1320188.00,1257665.00,-0.05,-62523.00,-190495.00
MS-501 - Mississippi Balance of State CoC,3226170.00,3138877.00,-0.03,-87293.00,2973629.00,3093672.00,0.04,120043.00,32750.00
MS-503 - Gulf Port/Gulf Coast Regional CoC,715967.00,741660.00,0.04,25693.00,737401.00,784323.00,0.06,46922.00,72615.00
MT-500 - Montana Statewide CoC,2701734.00,2512169.00,-0.07,-189565.00,2540096.00,2446282.00,-0.04,-93814.00,-283379.00
NC-500 - Winston-Salem/Forsyth County CoC,1896356.00,1819226.00,-0.04,-77130.00,1847338.00,1841471.00,0.00,-5867.00,-82997.00
NC-501 - Asheville/Buncombe County CoC,1196396.00,1196288.00,0.00,-108.00,1170932.00,1170932.00,0.00,0.00,-108.00
NC-502 - Durham City & County CoC,1125456.00,1221245.00,0.09,95789.00,1284867.00,1352857.00,0.05,67990.00,163779.00
NC-503 - North Carolina Balance of State CoC,6815972.00,6800605.00,0.00,-15367.00,7888001.00,8094621.00,0.03,206620.00,191253.00
"NC-504 - Greensboro, High Point CoC",1798751.00,1757590.00,-0.02,-41161.00,1857780.00,1950669.00,0.05,92889.00,51728.00
NC-505 - Charlotte/Mecklenburg County CoC,3720579.00,3320650.00,-0.11,-399929.00,3542481.00,3542090.00,0.00,-391.00,-400320.00
"NC-506 - Wilmington/Brunswick, New Hanover, Pender Counties CoC",759439.00,660319.00,-0.13,-99120.00,648502.00,648502.00,0.00,0.00,-99120.00
NC-507 - Raleigh/Wake County CoC,2739016.00,2837532.00,0.04,98516.00,2924828.00,3089159.00,0.06,164331.00,262847.00
NC-511 - Fayetteville/Cumberland County CoC,806572.00,770405.00,-0.04,-36167.00,698580.00,698580.00,0.00,0.00,-36167.00
NC-513 - Chapel Hill/Orange County CoC,568053.00,568053.00,0.00,0.00,608299.00,638714.00,0.05,30415.00,30415.00
NC-516 - Northwest North Carolina CoC,270648.00,270648.00,0.00,0.00,273671.00,273671.00,0.00,0.00,0.00
ND-500 - North Dakota Statewide CoC,2143947.00,1908307.00,-0.11,-235640.00,1983324.00,1983324.00,0.00,0.00,-235640.00
NE-500 - Nebraska Balance of State CoC,1916473.00,1916473.00,0.00,0.00,1955886.00,1955886.00,0.00,0.00,0.00
"NE-501 - Omaha, Council Bluffs CoC",3740348.00,4010369.00,0.07,270021.00,4112048.00,4112048.00,0.00,0.00,270021.00
NE-502 - Lincoln CoC,1924873.00,2117217.00,0.10,192344.00,2172929.00,2191955.00,0.01,19026.00,211370.00
NH-500 - New Hampshire Balance of State CoC,3449822.00,3449822.00,0.00,0.00,3452510.00,3625136.00,0.05,172626.00,172626.00
NH-501 - Manchester CoC,1268410.00,1458670.00,0.15,190260.00,1499846.00,1499846.00,0.00,0.00,190260.00
NH-502 - Nashua/Hillsborough County CoC,1846344.00,1752728.00,-0.05,-93616.00,1814588.00,1814588.00,0.00,0.00,-93616.00
NJ-500 - Atlantic City & County CoC,506980.00,506980.00,0.00,0.00,503032.00,503028.00,0.00,-4.00,-4.00
NJ-501 - Bergen County CoC,3914869.00,3914869.00,0.00,0.00,4609993.00,4609993.00,0.00,0.00,0.00
NJ-502 - Burlington County CoC,578628.00,511058.00,-0.12,-67570.00,514068.00,511508.00,0.00,-2560.00,-70130.00
"NJ-503 - Camden City & County/Gloucester, Cape May, Cumberland Counties CoC",3410103.00,3256614.00,-0.05,-153489.00,3327477.00,3418913.00,0.03,91436.00,-62053.00
NJ-504 - Newark/Essex County CoC,5268587.00,5359003.00,0.02,90416.00,6570781.00,6360274.00,-0.03,-210507.00,-120091.00
"NJ-506 - Jersey City,Bayonne/Hudson County CoC",4532972.00,4733222.00,0.04,200250.00,6160139.00,6354728.00,0.03,194589.00,394839.00
NJ-507 - New Brunswick/Middlesex County CoC,1969652.00,2262876.00,0.15,293224.00,2804020.00,2865850.00,0.02,61830.00,355054.00
NJ-508 - Monmouth County CoC,3264949.00,2945780.00,-0.10,-319169.00,3375112.00,3372300.00,0.00,-2812.00,-321981.00
NJ-509 - Morris County CoC,1750367.00,1674873.00,-0.04,-75494.00,1703815.00,1729389.00,0.02,25574.00,-49920.00
NJ-510 - Lakewood Township/Ocean County CoC,492410.00,461590.00,-0.06,-30820.00,466559.00,529022.00,0.13,62463.00,31643.00
NJ-511 - Paterson/Passaic County CoC,3699848.00,3510732.00,-0.05,-189116.00,3971236.00,3971236.00,0.00,0.00,-189116.00
NJ-513 - Somerset County CoC,402656.00,376698.00,-0.06,-25958.00,385381.00,404650.00,0.05,19269.00,-6689.00
NJ-514 - Trenton/Mercer County CoC,3353322.00,3353322.00,0.00,0.00,3553573.00,3731252.00,0.05,177679.00,177679.00
NJ-515 - Elizabeth/Union County CoC,4449642.00,4234932.00,-0.05,-214710.00,4354444.00,4456445.00,0.02,102001.00,-112709.00
"NJ-516 - Warren, Sussex, Hunterdon Counties CoC",1116573.00,1116573.00,0.00,0.00,1189112.00,1189112.00,0.00,0.00,0.00
NM-500 - Albuquerque CoC,5092874.00,5092874.00,0.00,0.00,5528584.00,5628584.00,0.02,100000.00,100000.00
NM-501 - New Mexico Balance of State CoC,4356940.00,4356939.00,0.00,-1.00,4796206.00,4819686.00,0.00,23480.00,23479.00
NV-500 - Las Vegas/Clark County CoC,12421218.00,13136119.00,0.06,714901.00,13097155.00,13095242.00,0.00,-1913.00,712988.00
"NV-501 - Reno, Sparks/Washoe County CoC",1593622.00,1548592.00,-0.03,-45030.00,1575172.00,1651750.00,0.05,76578.00,31548.00
NV-502 - Nevada Balance of State CoC,641648.00,598104.00,-0.07,-43544.00,590149.00,574995.00,-0.03,-15154.00,-58698.00
"NY-500 - Rochester, Irondequoit, Greece/Monroe County CoC",11662585.00,10859590.00,-0.07,-802995.00,11043669.00,11522645.00,0.04,478976.00,-324019.00
NY-503 - Albany City & County CoC,4423358.00,4753626.00,0.07,330268.00,4908071.00,5006829.00,0.02,98758.00,429026.00
NY-504 - Cattaraugus County CoC,406172.00,352247.00,-0.13,-53925.00,343254.00,319226.00,-0.07,-24028.00,-77953.00
"NY-505 - Syracuse/Onondaga, Oswego Counties CoC",9057024.00,8211476.00,-0.09,-845548.00,8276132.00,8409954.00,0.02,133822.00,-711726.00
NY-507 - Schenectady City & County CoC,3328436.00,3657956.00,0.10,329520.00,3767965.00,3862164.00,0.02,94199.00,423719.00
"NY-508 - Buffalo, Niagara Falls/Erie, Niagara, Orleans, Genesee, Wyoming Counties CoC",10212353.00,10397796.00,0.02,185443.00,10871209.00,11313196.00,0.04,441987.00,627430.00
NY-510 - Ithaca/Tompkins County CoC,236206.00,200775.00,-0.15,-35431.00,200775.00,185795.00,-0.07,-14980.00,-50411.00
"NY-511 - Binghamton, Union/Broome, Otsego, Chenango, Delaware, Cortland, Tioga Counties CoC",1606909.00,1507235.00,-0.06,-99674.00,1488791.00,1526340.00,0.03,37549.00,-62125.00
NY-512 - Troy/Rensselaer County CoC,3041965.00,3041965.00,0.00,0.00,3119336.00,3198646.00,0.03,79310.00,79310.00
"NY-513 - Wayne, Ontario, Seneca, Yates Counties CoC",241291.00,224638.00,-0.07,-16653.00,291707.00,291662.00,0.00,-45.00,-16698.00
"NY-514 - Jamestown, Dunkirk/Chautauqua County CoC",248087.00,248087.00,0.00,0.00,210878.00,210878.00,0.00,0.00,0.00
NY-516 - Clinton County CoC,173134.00,173134.00,0.00,0.00,146329.00,146329.00,0.00,0.00,0.00
"NY-518 - Utica, Rome/Oneida, Madison Counties CoC",3387693.00,2961999.00,-0.13,-425694.00,3019729.00,3019729.00,0.00,0.00,-425694.00
"NY-519 - Columbia, Greene Counties CoC",455666.00,438557.00,-0.04,-17109.00,437789.00,437789.00,0.00,0.00,-17109.00
NY-520 - Franklin County CoC,51601.00,77337.00,0.50,25736.00,78804.00,78804.00,0.00,0.00,25736.00
"NY-522 - Jefferson, Lewis, St. Lawrence Counties CoC",1227155.00,1227155.00,0.00,0.00,1230227.00,1260982.00,0.02,30755.00,30755.00
"NY-523 - Glens Falls, Saratoga Springs/Saratoga, Washington, Warren, Hamilton Counties CoC",1326021.00,1486843.00,0.12,160822.00,1534955.00,1534955.00,0.00,0.00,160822.00
NY-600 - New York City CoC,106636175.00,115838703.00,0.09,9202528.00,104502264.00,106243608.00,0.02,1741344.00,10943872.00
NY-601 - Poughkeepsie/Dutchess County CoC,1310538.00,1238646.00,-0.05,-71892.00,1299245.00,1299245.00,0.00,0.00,-71892.00
"NY-602 - Newburgh, Middletown/Orange County CoC",2583317.00,2583317.00,0.00,0.00,2714912.00,2662004.00,-0.02,-52908.00,-52908.00
"NY-603 - Nassau, Suffolk Counties CoC",11976136.00,10288559.00,-0.14,-1687577.00,10093402.00,10224753.00,0.01,131351.00,-1556226.00
"NY-604 - Yonkers, Mount Vernon/Westchester County CoC",16572093.00,18708376.00,0.13,2136283.00,15877082.00,15877082.00,0.00,0.00,2136283.00
NY-606 - Rockland County CoC,661201.00,661201.00,0.00,0.00,686899.00,686899.00,0.00,0.00,0.00
NY-607 - Sullivan County CoC,438066.00,424241.00,-0.03,-13825.00,394588.00,394588.00,0.00,0.00,-13825.00
NY-608 - Kingston/Ulster County CoC,1212133.00,1104430.00,-0.09,-107703.00,1132736.00,1132736.00,0.00,0.00,-107703.00
OH-500 - Cincinnati/Hamilton County CoC,16015269.00,16794595.00,0.05,779326.00,16376365.00,16732906.00,0.02,356541.00,1135867.00
OH-501 - Toledo/Lucas County CoC,4326103.00,4068686.00,-0.06,-257417.00,4167880.00,4025860.00,-0.03,-142020.00,-399437.00
OH-502 - Cleveland/Cuyahoga County CoC,25352999.00,26456411.00,0.04,1103412.00,26697332.00,26697332.00,0.00,0.00,1103412.00
OH-503 - Columbus/Franklin County CoC,10896951.00,11636484.00,0.07,739533.00,11452649.00,11452649.00,0.00,0.00,739533.00
OH-504 - Youngstown/Mahoning County CoC,2113522.00,1917514.00,-0.09,-196008.00,1626837.00,1670647.00,0.03,43810.00,-152198.00
"OH-505 - Dayton, Kettering/Montgomery County CoC",8103403.00,8103403.00,0.00,0.00,8475894.00,8659580.00,0.02,183686.00,183686.00
OH-506 - Akron/Summit County CoC,4405305.00,4210656.00,-0.04,-194649.00,4498806.00,4572779.00,0.02,73973.00,-120676.00
OH-507 - Ohio Balance of State CoC,15831743.00,16662185.00,0.05,830442.00,15304725.00,15730482.00,0.03,425757.00,1256199.00
"OH-508 - Canton, Massillon, Alliance/Stark County CoC",2321712.00,2601326.00,0.12,279614.00,2606681.00,2617890.00,0.00,11209.00,290823.00
OK-500 - North Central Oklahoma CoC,311475.00,310757.00,0.00,-718.00,316541.00,269491.00,-0.15,-47050.00,-47768.00
OK-501 - Tulsa City & County CoC,2838790.00,2653271.00,-0.07,-185519.00,2712652.00,2712652.00,0.00,0.00,-185519.00
OK-502 - Oklahoma City CoC,3175109.00,3395149.00,0.07,220040.00,3507094.00,3230712.00,-0.08,-276382.00,-56342.00
OK-503 - Oklahoma Balance of State CoC,672195.00,574871.00,-0.14,-97324.00,589828.00,558965.00,-0.05,-30863.00,-128187.00
OK-504 - Norman/Cleveland County CoC,348554.00,348554.00,0.00,0.00,400502.00,396343.00,-0.01,-4159.00,-4159.00
OK-505 - Northeast Oklahoma CoC,336612.00,336612.00,0.00,0.00,343114.00,343114.00,0.00,0.00,0.00
OK-506 - Southwest Oklahoma Regional CoC,113714.00,113714.00,0.00,0.00,116234.00,116234.00,0.00,0.00,0.00
OK-507 - Southeastern Oklahoma Regional CoC,124512.00,120312.00,-0.03,-4200.00,123186.00,123186.00,0.00,0.00,-4200.00
"OR-500 - Eugene, Springfield/Lane County CoC",2725129.00,3133898.00,0.15,408769.00,3279456.00,3279456.00,0.00,0.00,408769.00
"OR-501 - Portland, Gresham/Multnomah County CoC",15314498.00,17611673.00,0.15,2297175.00,18659034.00,18844387.00,0.01,185353.00,2482528.00
"OR-502 - Medford, Ashland/Jackson County CoC",319469.00,269788.00,-0.16,-49681.00,271902.00,271902.00,0.00,0.00,-49681.00
OR-503 - Central Oregon CoC,544337.00,544337.00,0.00,0.00,553505.00,581180.00,0.05,27675.00,27675.00
OR-505 - Oregon Balance of State CoC,3125254.00,2916883.00,-0.07,-208371.00,2987686.00,2948948.00,-0.01,-38738.00,-247109.00
"OR-506 - Hillsboro, Beaverton/Washington County CoC",2728665.00,3137915.00,0.15,409250.00,2937427.00,2917111.00,-0.01,-20316.00,388934.00
OR-507 - Clackamas County CoC,1696138.00,1950559.00,0.15,254421.00,2036506.00,2036506.00,0.00,0.00,254421.00
PA-500 - Philadelphia CoC,31091428.00,33561234.00,0.08,2469806.00,32631711.00,32564025.00,0.00,-67686.00,2402120.00
PA-501 - Harrisburg/Dauphin County CoC,1567631.00,1562392.00,0.00,-5239.00,1597865.00,1632664.00,0.02,34799.00,29560.00
"PA-502 - Upper Darby, Chester, Haverford/Delaware County CoC",4545572.00,4869956.00,0.07,324384.00,4991996.00,4991996.00,0.00,0.00,324384.00
"PA-503 - Wilkes-Barre, Hazleton, Luzerne County CoC",3837881.00,3891113.00,0.01,53232.00,3880107.00,3796781.00,-0.02,-83326.00,-30094.00
"PA-504 - Lower Merion, Norristown, Abington/Montgomery County CoC",2566181.00,2719461.00,0.06,153280.00,2886837.00,2886837.00,0.00,0.00,153280.00
PA-505 - Chester County CoC,1552316.00,1552304.00,0.00,-12.00,1623354.00,1623354.00,0.00,0.00,-12.00
PA-506 - Reading/Berks County CoC,2734084.00,3197064.00,0.17,462980.00,2768821.00,2730814.00,-0.01,-38007.00,424973.00
PA-508 - Scranton/Lackawanna County CoC,2583634.00,2513566.00,-0.03,-70068.00,2510806.00,2510806.00,0.00,0.00,-70068.00
PA-509 - Eastern Pennsylvania CoC,11215910.00,10430735.00,-0.07,-785175.00,10514395.00,10749664.00,0.02,235269.00,-549906.00
PA-510 - Lancaster City & County CoC,2034100.00,1848332.00,-0.09,-185768.00,2198848.00,2226290.00,0.01,27442.00,-158326.00
"PA-511 - Bristol, Bensalem/Bucks County CoC",885086.00,884886.00,0.00,-200.00,1118627.00,1131031.00,0.01,12404.00,12204.00
PA-512 - York City & County CoC,991967.00,1144449.00,0.15,152482.00,1135337.00,1184032.00,0.04,48695.00,201177.00
"PA-600 - Pittsburgh, McKeesport, Penn Hills/Allegheny County CoC",16177008.00,17229142.00,0.07,1052134.00,16994468.00,17224974.00,0.01,230506.00,1282640.00
PA-601 - Western Pennsylvania CoC,8064056.00,8421488.00,0.04,357432.00,8613384.00,8796824.00,0.02,183440.00,540872.00
PA-603 - Beaver County CoC,1561462.00,1442070.00,-0.08,-119392.00,1284496.00,1284496.00,0.00,0.00,-119392.00
PA-605 - Erie City & County CoC,2387330.00,2387330.00,0.00,0.00,2172709.00,2195814.00,0.01,23105.00,23105.00
PR-502 - Puerto Rico Balance of Commonwealth CoC,13803130.00,12763853.00,-0.08,-1039277.00,12952707.00,12658322.00,-0.02,-294385.00,-1333662.00
PR-503 - South-Southeast Puerto Rico CoC,6890750.00,6003777.00,-0.13,-886973.00,5503674.00,5503674.00,0.00,0.00,-886973.00
RI-500 - Rhode Island Statewide CoC,5098830.00,5833107.00,0.14,734277.00,5592243.00,5702321.00,0.02,110078.00,844355.00
SC-500 - Charleston/Low Country CoC,1653568.00,1653568.00,0.00,0.00,1650928.00,1650928.00,0.00,0.00,0.00
"SC-501 - Greenville, Anderson, Spartanburg / Upstate CoC",3737478.00,3683749.00,-0.01,-53729.00,3176844.00,3117629.00,-0.02,-59215.00,-112944.00
SC-502 - Columbia/Midlands CoC,2886088.00,2886068.00,0.00,-20.00,2719956.00,2774487.00,0.02,54531.00,54511.00
"SC-503 - Myrtle Beach, Sumter City & County CoC",1489094.00,1722706.00,0.16,233612.00,1758130.00,1827250.00,0.04,69120.00,302732.00
SD-500 - South Dakota Statewide CoC,1254399.00,1061554.00,-0.15,-192845.00,1213008.00,1213008.00,0.00,0.00,-192845.00
TN-500 - Chattanooga/Southeast Tennessee CoC,2904250.00,2647336.00,-0.09,-256914.00,2577519.00,2512136.00,-0.03,-65383.00,-322297.00
TN-501 - Memphis/Shelby County CoC,6827685.00,6518062.00,-0.05,-309623.00,6511602.00,6511602.00,0.00,0.00,-309623.00
TN-502 - Knoxville/Knox County CoC,1380353.00,1380353.00,0.00,0.00,1401099.00,1390506.00,-0.01,-10593.00,-10593.00
TN-503 - Central Tennessee CoC,1867720.00,1743699.00,-0.07,-124021.00,1763533.00,1763168.00,0.00,-365.00,-124386.00
TN-504 - Nashville-Davidson County CoC,3490911.00,3310827.00,-0.05,-180084.00,3253583.00,3133530.00,-0.04,-120053.00,-300137.00
TN-506 - Upper Cumberland CoC,746237.00,680852.00,-0.09,-65385.00,749772.00,749772.00,0.00,0.00,-65385.00
TN-507 - Jackson/West Tennessee CoC,1640133.00,1415864.00,-0.14,-224269.00,1467666.00,1502715.00,0.02,35049.00,-189220.00
TN-509 - Appalachian Regional CoC,1553449.00,1483201.00,-0.05,-70248.00,1484305.00,1484305.00,0.00,0.00,-70248.00
TN-510 - Murfreesboro/Rutherford County CoC,608808.00,528731.00,-0.13,-80077.00,554745.00,525674.00,-0.05,-29071.00,-109148.00
"TN-512 - Morristown/Blount, Sevier, Campbell, Cocke Counties CoC",376900.00,376900.00,0.00,0.00,481136.00,481136.00,0.00,0.00,0.00
TX-500 - San Antonio/Bexar County CoC,7778385.00,7778376.00,0.00,-9.00,8054854.00,8355718.00,0.04,300864.00,300855.00
TX-503 - Austin/Travis County CoC,5542258.00,5271921.00,-0.05,-270337.00,5521027.00,5521027.00,0.00,0.00,-270337.00
"TX-600 - Dallas City & County, Irving CoC",16889355.00,15396834.00,-0.09,-1492521.00,16122196.00,15497863.00,-0.04,-624333.00,-2116854.00
"TX-601 - Fort Worth, Arlington/Tarrant County CoC",11231625.00,11336626.00,0.01,105001.00,11091231.00,10991197.00,-0.01,-100034.00,4967.00
TX-603 - El Paso City & County CoC,3062544.00,2649969.00,-0.13,-412575.00,2611296.00,2611294.00,0.00,-2.00,-412577.00
TX-604 - Waco/McLennan County CoC,1088991.00,1087929.00,0.00,-1062.00,936535.00,944312.00,0.01,7777.00,6715.00
TX-607 - Texas Balance of State CoC,7574506.00,6496262.00,-0.14,-1078244.00,4477481.00,5460040.00,0.22,982559.00,-95685.00
TX-611 - Amarillo CoC,772766.00,681678.00,-0.12,-91088.00,690955.00,595303.00,-0.14,-95652.00,-186740.00
"TX-624 - Wichita Falls/Wise, Palo Pinto, Wichita, Archer Counties CoC",357073.00,310487.00,-0.13,-46586.00,324611.00,324611.00,0.00,0.00,-46586.00
"TX-700 - Houston, Pasadena/Harris, Fort Bend Counties CoC",26098976.00,29974549.00,0.15,3875573.00,31431551.00,32290111.00,0.03,858560.00,4734133.00
"TX-701 - Bryan, College Station/Brazos Valley CoC",302566.00,301024.00,-0.01,-1542.00,310636.00,310636.00,0.00,0.00,-1542.00
UT-500 - Salt Lake City & County CoC,6514485.00,6976659.00,0.07,462174.00,6983748.00,7082121.00,0.01,98373.00,560547.00
UT-503 - Utah Balance of State CoC,1297235.00,1522142.00,0.17,224907.00,1797314.00,1759468.00,-0.02,-37846.00,187061.00
UT-504 - Provo/Mountainland CoC,1108601.00,1088310.00,-0.02,-20291.00,890014.00,931978.00,0.05,41964.00,21673.00
"VA-500 - Richmond/Henrico, Chesterfield, Hanover Counties CoC",4397668.00,4348104.00,-0.01,-49564.00,4157665.00,4207667.00,0.01,50002.00,438.00
"VA-501 - Norfolk/Chesapeake, Suffolk, Isle of Wright, Southampton Counties CoC",4008974.00,3757411.00,-0.06,-251563.00,3789988.00,3789988.00,0.00,0.00,-251563.00
"VA-502 - Roanoke City & County, Salem CoC",806865.00,752579.00,-0.07,-54286.00,815912.00,794691.00,-0.03,-21221.00,-75507.00
VA-503 - Virginia Beach CoC,1481073.00,1521938.00,0.03,40865.00,1363211.00,1360115.00,0.00,-3096.00,37769.00
VA-504 - Charlottesville CoC,327108.00,327108.00,0.00,0.00,363888.00,359102.00,-0.01,-4786.00,-4786.00
"VA-505 - Newport News, Hampton/Virginia Peninsula CoC",1915780.00,1915780.00,0.00,0.00,1958462.00,1958462.00,0.00,0.00,0.00
VA-507 - Portsmouth CoC,1284400.00,1136128.00,-0.12,-148272.00,1169791.00,1169791.00,0.00,0.00,-148272.00
VA-508 - Lynchburg CoC,383287.00,338622.00,-0.12,-44665.00,327057.00,348313.00,0.06,21256.00,-23409.00
"VA-513 - Harrisonburg, Winchester/Western Virginia CoC",402114.00,344509.00,-0.14,-57605.00,368052.00,367201.00,0.00,-851.00,-58456.00
"VA-514 - Fredericksburg/Spotsylvania, Stafford Counties CoC",238072.00,247320.00,0.04,9248.00,263229.00,263229.00,0.00,0.00,9248.00
VA-521 - Virginia Balance of State CoC,599175.00,711011.00,0.19,111836.00,712754.00,792394.00,0.11,79640.00,191476.00
VA-600 - Arlington County CoC,1920096.00,2208098.00,0.15,288002.00,2406677.00,2466844.00,0.03,60167.00,348169.00
VA-601 - Fairfax County CoC,7655650.00,7688856.00,0.00,33206.00,8291071.00,8291041.00,0.00,-30.00,33176.00
VA-602 - Loudoun County CoC,155000.00,155000.00,0.00,0.00,167720.00,167480.00,0.00,-240.00,-240.00
VA-603 - Alexandria CoC,744711.00,744711.00,0.00,0.00,784657.00,784657.00,0.00,0.00,0.00
VA-604 - Prince William County CoC,593264.00,593264.00,0.00,0.00,527157.00,527157.00,0.00,0.00,0.00
VI-500 - Virgin Islands CoC,133218.00,133218.00,0.00,0.00,115754.00,115754.00,0.00,0.00,0.00
VT-500 - Vermont Balance of State CoC,2727529.00,3134663.00,0.15,407134.00,3178168.00,3178168.00,0.00,0.00,407134.00
VT-501 - Burlington/Chittenden County CoC,986961.00,1105919.00,0.12,118958.00,1007110.00,1007110.00,0.00,0.00,118958.00
WA-500 - Seattle/King County CoC,29052092.00,30939458.00,0.06,1887366.00,33453479.00,34032348.00,0.02,578869.00,2466235.00
WA-501 - Washington Balance of State CoC,5816577.00,5946140.00,0.02,129563.00,6052681.00,6185319.00,0.02,132638.00,262201.00
WA-502 - Spokane City & County CoC,3483114.00,3679622.00,0.06,196508.00,3718054.00,3671717.00,-0.01,-46337.00,150171.00
"WA-503 - Tacoma, Lakewood/Pierce County CoC",3169218.00,3288934.00,0.04,119716.00,3349070.00,3196787.00,-0.05,-152283.00,-32567.00
WA-504 - Everett/Snohomish County CoC,5589954.00,6428447.00,0.15,838493.00,7638851.00,7638851.00,0.00,0.00,838493.00
WA-507 - Yakima City & County CoC,617986.00,678623.00,0.10,60637.00,576063.00,484107.00,-0.16,-91956.00,-31319.00
WA-508 - Vancouver/Clark County CoC,1220717.00,1403237.00,0.15,182520.00,1566909.00,1567997.00,0.00,1088.00,183608.00
WI-500 - Wisconsin Balance of State CoC,7557643.00,8444324.00,0.12,886681.00,8521973.00,8835579.00,0.04,313606.00,1200287.00
WI-501 - Milwaukee City & County CoC,10555244.00,9727585.00,-0.08,-827659.00,10080579.00,10104368.00,0.00,23789.00,-803870.00
WI-502 - Racine City & County CoC,1089380.00,929926.00,-0.15,-159454.00,896491.00,831676.00,-0.07,-64815.00,-224269.00
WI-503 - Madison/Dane County CoC,3151537.00,3515268.00,0.12,363731.00,3064653.00,3064653.00,0.00,0.00,363731.00
"WV-500 - Wheeling, Weirton Area CoC",429967.00,393494.00,-0.08,-36473.00,394225.00,394225.00,0.00,0.00,-36473.00
"WV-501 - Huntington/Cabell, Wayne Counties CoC",1864873.00,2140305.00,0.15,275432.00,2071800.00,2175390.00,0.05,103590.00,379022.00
"WV-503 - Charleston/Kanawha, Putnam, Boone, Clay Counties CoC",1336202.00,1152946.00,-0.14,-183256.00,1183794.00,1183759.00,0.00,-35.00,-183291.00
WV-508 - West Virginia Balance of State CoC,3610109.00,3711169.00,0.03,101060.00,3905253.00,3901673.00,0.00,-3580.00,97480.00
WY-500 - Wyoming Statewide CoC,316902.00,293271.00,-0.07,-23631.00,283766.00,283766.00,0.00,0.00,-23631.00